Year,Rate
2015,1.5358695652173915
2016,1.56928
2017,1.87288
2018,2.0766265060240965
2019,1.7405599999999999
2020,1.4908764940239043
2021,2.361633466135458
2022,2.521967871485944
2023,2.28376
2024,2.27084
2025,2.3460294117647056
